<studentTable>                         <!--Root Element-->
	<student StudNo="1001">            <!--Child Element1-->
		<!--Grand child element-->
		<StudName>Rahul</StudName>     
		<Phone>2456789</Phone>
		<Address>Mumbai</Address>
		<Deptno>10</Deptno>
	</student>
	
	<student StudNo="1002">            <!--Child Element2-->
		<!--Grand child element-->
		<StudName>Sanjay</StudName>
		<Phone>2678923</Phone>
		<Address>Pune</Address>
		<Deptno>20</Deptno>
	</student>
	
	
	<student StudNo="1003">            <!--Child Element3-->
		<!--Grand child element-->
		<StudName>Ritish</StudName>
		<Phone>2676763</Phone>
		<Address>Mumbai</Address>
		<Deptno>30</Deptno>
	</student>
	
	
	<student StudNo="1004">            <!--Child Element4-->
		<!--Grand child element-->
		<StudName>Sai</StudName>
		<Phone>2565758</Phone>
		<Address>Bangalore</Address>
		<Deptno>10</Deptno>
	</student>
	
	
	<student StudNo="1005">            <!--Child Element5-->
		<!--Grand child element-->
		<StudName>Ravi</StudName>
		<Phone>2787975</Phone>
		<Address>Chennai</Address>
		<Deptno>20</Deptno>
	</student>
	
	
	<student StudNo="1006">             <!--Child Element6-->
		
		<StudName>Kalai</StudName>
		<Phone>2345678</Phone>
		<Address>Chennai</Address>
		<Deptno>30</Deptno>
	</student>
	
	
	<student StudNo="1007">             <!--Child Element7-->
		<!--Grand child element-->
		<StudName>Sonal</StudName>
		<Phone>2987654</Phone>
		<Address>Mumbai</Address>
		<Deptno>20</Deptno>
	</student>
</studentTable>